Category,Subcategory,Name,Description,Community Comments,Key Concepts,URL,Date Added,Source,Status,Type,Verification Status
Books,Foundational Theory,All About Love by bell hooks,Defines love as action and political practice rather than sentiment,Core framework for revolution of love - love as concrete practice in infrastructure design,"Love as political action, love requires justice",https://www.goodreads.com/book/show/17607.All_About_Love,"November 16, 2025 6:36 AM (CST)",Core Team,Live,Book,Verified
Books,Foundational Theory,Man's Search for Meaning by Viktor Frankl,Meaning must be found through action and attitude not given through framework,Addresses Kristine's question about meaning-making - meaning emerges through engaged work,"Meaning through practice, logotherapy",https://www.goodreads.com/book/show/4069.Man_s_Search_for_Meaning,"November 16, 2025 6:36 AM (CST)",Core Team,Live,Book,Verified
Books,Foundational Theory,The Human Condition by Hannah Arendt,Loneliness as political condition created by loss of public realm,Explains loneliness epidemic as infrastructure problem not personal failure,"Public realm, political action, loneliness as systemic",https://www.goodreads.com/book/show/66278.The_Human_Condition,"November 16, 2025 6:36 AM (CST)",Core Team,Live,Book,Verified
Books,Foundational Theory,Peace (Shalom) by Walter Brueggemann,Hebrew shalom as wholeness and right relationships not absence of conflict,Theological foundation for community of shalom - wholeness through right relationship,"Shalom, economic justice, completeness",https://www.goodreads.com/book/show/180893.Peace,"November 16, 2025 6:36 AM (CST)",Core Team,Live,Book,Verified
Books,Strategy & Practice,Emergent Strategy by adrienne maree brown,Small-scale practice that creates conditions for emergence and transformation,Direct application to Sandy Creek as microcosm - replication through adaptation not scaling,"Fractals, emergence, small is all, move at speed of trust",https://www.goodreads.com/book/show/29633913-emergent-strategy,"November 16, 2025 6:36 AM (CST)",Core Team,Live,Book,Verified
Books,Strategy & Practice,The Next American Revolution by Grace Lee Boggs,Revolution as returning to fundamental humanity not overthrowing systems,Reframes revolution from war to recovery of human capacity to make/care/govern,"Transformative organizing, place-based change, beloved community",https://www.goodreads.com/book/show/11325321-the-next-american-revolution,"November 16, 2025 6:36 AM (CST)",Core Team,Live,Book,Verified
Books,Economics & Systems,Small is Beautiful by E.F. Schumacher,Appropriate technology and economics as if people mattered,Foundation for OSE/Fab Lab approach - locally maintainable technology,"Appropriate technology, Buddhist economics, human-scale",https://www.goodreads.com/book/show/1117786.Small_Is_Beautiful,"November 16, 2025 6:36 AM (CST)",Core Team,Live,Book,Verified
Books,Economics & Systems,Governing the Commons by Elinor Ostrom,Principles for successful commons management by communities,Theoretical foundation for Platform Commons governance model,"Commons governance, Ostrom's 8 principles, polycentric governance",https://www.goodreads.com/book/show/1048424.Governing_the_Commons,"November 16, 2025 6:36 AM (CST)",Core Team,Live,Book,Verified
Books,Economics & Systems,Doughnut Economics by Kate Raworth,Economic model meeting human needs within planetary boundaries,Framework for balancing community needs with ecological limits,"Regenerative economics, safe and just space, circular economy",https://www.goodreads.com/book/show/29214420-doughnut-economics,"November 16, 2025 6:36 AM (CST)",Core Team,Live,Book,Verified
Books,Economics & Systems,The Community Resilience Reader edited by Daniel Lerch,Essential resources for community-led resilience and transition,Comprehensive overview of community resilience strategies and case studies,"Community resilience, climate adaptation, local action",https://www.goodreads.com/book/show/31451273-the-community-resilience-reader,"November 16, 2025 6:36 AM (CST)",Core Team,Live,Book,Verified
People,Theorists & Writers,bell hooks (Gloria Jean Watkins),Cultural critic and author on love as political practice and transformative force,Language for revolution of love as concrete action not sentiment,"Love ethic, critical pedagogy, intersectionality",https://en.wikipedia.org/wiki/Bell_hooks,"November 16, 2025 6:36 AM (CST)",Core Team,Live,Person,Verified
People,Theorists & Writers,Viktor Frankl,Psychiatrist and Holocaust survivor who developed logotherapy,Framework for finding meaning through practice not predetermined narrative,"Meaning through action, attitude, logotherapy",https://en.wikipedia.org/wiki/Viktor_Frankl,"November 16, 2025 6:36 AM (CST)",Core Team,Live,Person,Verified
People,Theorists & Writers,Hannah Arendt,Political philosopher on public realm and human condition,Understanding loneliness as systemic loss of spaces for genuine encounter,"Political action, public realm, totalitarianism",https://en.wikipedia.org/wiki/Hannah_Arendt,"November 16, 2025 6:36 AM (CST)",Core Team,Live,Person,Verified
People,Theorists & Writers,Walter Brueggemann,Old Testament scholar and theologian on prophetic imagination,Theological grounding for shalom as completeness and justice,"Prophetic imagination, shalom, covenant",https://en.wikipedia.org/wiki/Walter_Brueggemann,"November 16, 2025 6:36 AM (CST)",Core Team,Live,Person,Verified
People,Practitioners & Organizers,adrienne maree brown,Facilitator and author of Emergent Strategy and pleasure activism,Practical methodology for transformation through small-scale practice,"Emergent strategy, somatics, pleasure activism, science fiction",https://adriennemareebrown.net,"November 16, 2025 6:36 AM (CST)",Core Team,Live,Person,Verified
People,Practitioners & Organizers,Grace Lee Boggs (1915-2015),Philosopher and activist in Detroit for 70+ years,Model for long-term place-based transformation and visionary organizing,"Transformative organizing, beloved community, place-based revolution",https://en.wikipedia.org/wiki/Grace_Lee_Boggs,"November 16, 2025 6:36 AM (CST)",Core Team,Live,Person,Verified
People,Practitioners & Organizers,Aaron Titus,Founder of Crisis Cleanup and architect of Unmarkets framework,Direct influence - Unmarkets philosophy and coordination infrastructure model,"Unmarkets, loss internalization, disaster coordination",https://www.crisiscleanup.org,"November 16, 2025 6:36 AM (CST)",Core Team,Live,Person,Verified
People,Practitioners & Organizers,Elinor Ostrom (1933-2012),Nobel Prize economist who studied commons governance,Empirical foundation for Platform Commons governance approach,"Commons governance, polycentric systems, institutional analysis",https://en.wikipedia.org/wiki/Elinor_Ostrom,"November 16, 2025 6:36 AM (CST)",Core Team,Live,Person,Verified
People,Practitioners & Organizers,E.F. Schumacher (1911-1977),Economist and author of Small is Beautiful,Intellectual ancestor for technology approach and human-scale economics,"Appropriate technology, Buddhist economics, decentralization",https://en.wikipedia.org/wiki/E._F._Schumacher,"November 16, 2025 6:36 AM (CST)",Core Team,Live,Person,Verified
People,Contemporary Practitioners,Trebor Scholz,Founder of Platform Cooperativism Consortium at The New School,Leading voice on democratic ownership of digital platforms,"Platform cooperativism, digital labor, cooperative ownership",https://platform.coop,"November 16, 2025 6:36 AM (CST)",Core Team,Live,Person,Verified
People,Contemporary Practitioners,David Bollier,Commons activist scholar and author,Thought leader on commons transition and governance,"Commons, commoning, peer governance",https://www.bollier.org,"November 16, 2025 6:36 AM (CST)",Core Team,Live,Person,Verified
People,Contemporary Practitioners,Michel Bauwens,Founder of P2P Foundation and commons theorist,Framework for commons-based peer production and economic models,"Peer production, commons-based economy, cosmo-local production",https://blog.p2pfoundation.net,"November 16, 2025 6:36 AM (CST)",Core Team,Live,Person,Verified
People,Contemporary Practitioners,Nathan Schneider,Media studies professor and platform coop advocate,Research and advocacy on democratic platform ownership,"Platform cooperativism, governance, cryptoeconomics",https://nathanschneider.info,"November 16, 2025 6:36 AM (CST)",Core Team,Live,Person,Verified
People,Contemporary Practitioners,Marjorie Kelly,Author and Democracy Collaborative leader on community wealth,Strategies for community-controlled economic development,"Community wealth building, ownership design, stakeholder economy",https://democracycollaborative.org,"November 16, 2025 6:36 AM (CST)",Core Team,Live,Person,Verified
People,Contemporary Practitioners,Gar Alperovitz,Political economist and Next System Project co-founder,Visionary work on democratic economy and system transformation,"Pluralist commonwealth, community wealth, system change",https://thenextsystem.org,"November 16, 2025 6:36 AM (CST)",Core Team,Live,Person,Verified
People,Contemporary Practitioners,Carol Sanford,Regenerative business educator and author,Framework for regenerative vs extractive systems thinking,"Regenerative paradigm, living systems, developmental approach",https://carolsanford.com,"November 16, 2025 6:36 AM (CST)",Core Team,Live,Person,Verified
People,Contemporary Practitioners,Otto Scharmer,MIT lecturer and Theory U developer,Methodology for sensing and actualizing emerging future possibilities,"Theory U, presencing, social technology",https://www.ottoscharmer.com,"November 16, 2025 6:36 AM (CST)",Core Team,Live,Person,Verified
People,Contemporary Practitioners,Kate Raworth,Economist and Doughnut Economics creator,Economic framework for social foundation and ecological ceiling,"Doughnut economics, regenerative design, distributive economy",https://www.kateraworth.com,"November 16, 2025 6:36 AM (CST)",Core Team,Live,Person,Verified
People,Contemporary Practitioners,Stacco Troncoso,P2P Foundation and Guerrilla Media Collective co-founder,Practical strategies for commons-based organizing and culture,"Commons transition, cooperative culture, DisCO manifesto",https://wiki.p2pfoundation.net/Stacco_Troncoso,"November 16, 2025 6:36 AM (CST)",Core Team,Live,Person,Verified
People,Historical Figures,Langdon Winner,Political theorist who wrote Do Artifacts Have Politics,Understanding that infrastructure design is inherently political,"Technology and politics, artifacts embody values",https://en.wikipedia.org/wiki/Langdon_Winner,"November 16, 2025 6:36 AM (CST)",Core Team,Live,Person,Verified
People,Historical Figures,Paulo Freire (1921-1997),Educator who developed critical pedagogy and concept of praxis,Framework for learning/doing/being as integrated practice,"Praxis, critical consciousness, liberation education",https://en.wikipedia.org/wiki/Paulo_Freire,"November 16, 2025 6:36 AM (CST)",Core Team,Live,Person,Verified
People,Historical Figures,Thich Nhat Hanh (1926-2022),Zen Buddhist monk and peace activist,Practice-based approach to meaning and presence,"Mindfulness, engaged Buddhism, interbeing",https://plumvillage.org,"November 16, 2025 6:36 AM (CST)",Core Team,Live,Person,Verified
Organizations,Disaster & Resilience,Crisis Cleanup,Platform for disaster coordination used in 250+ disasters,Primary model for coordination infrastructure and Unmarkets philosophy,"Unmarkets, coordination infrastructure, zero cost to communities",https://www.crisiscleanup.org,"November 16, 2025 6:36 AM (CST)",Core Team,Live,Organization,Verified
Organizations,Disaster & Resilience,Build Change,Owner-driven reconstruction in 7 countries - 87000+ homes,Proven methodology for housing reconstruction with community control,"Owner-driven reconstruction, appropriate technology, resilience",https://buildchange.org,"November 16, 2025 6:36 AM (CST)",Core Team,Live,Organization,Verified
Organizations,Disaster & Resilience,Mutual Aid Disaster Relief,Grassroots disaster solidarity network,Model for community-led disaster response without organizational intermediaries,"Mutual aid, solidarity not charity, autonomous response",https://mutualaiddisasterrelief.org,"November 16, 2025 6:36 AM (CST)",Core Team,Live,Organization,Verified
Organizations,Disaster & Resilience,Team Rubicon,Veteran-led disaster response organization,Potential partner for workforce development and reconstruction,"Veteran service, disaster response, purpose",https://teamrubiconusa.org,"November 16, 2025 6:36 AM (CST)",Core Team,Live,Organization,Verified
Organizations,Platform Cooperatives,Platform Cooperativism Consortium,Global network for democratic platform ownership,Primary network for platform cooperative movement and conferences,"Platform coops, worker ownership, digital democracy",https://platform.coop,"November 16, 2025 6:36 AM (CST)",Core Team,Live,Organization,Verified
Organizations,Platform Cooperatives,P2P Foundation,Global network for peer production and commons,Theoretical and practical resources for commons-based production,"Peer production, commons, cosmo-local",https://www.p2pfoundation.net,"November 16, 2025 6:36 AM (CST)",Core Team,Live,Organization,Verified
Organizations,Commons & Economics,Democracy Collaborative,Research and consulting on community wealth building,Strategies and case studies for community-controlled economic development,"Community wealth, anchor institutions, cooperative economy",https://democracycollaborative.org,"November 16, 2025 6:36 AM (CST)",Core Team,Live,Organization,Verified
Organizations,Commons & Economics,The Next System Project,Network exploring alternatives to current economic system,Big-picture thinking on economic system transformation,"System change, pluralist economy, democratic ownership",https://thenextsystem.org,"November 16, 2025 6:36 AM (CST)",Core Team,Live,Organization,Verified
Organizations,Commons & Economics,New Economy Coalition,Network of organizations building new economy,Broad coalition working on economic alternatives,"Solidarity economy, cooperative development, racial justice",https://neweconomy.net,"November 16, 2025 6:36 AM (CST)",Core Team,Live,Organization,Verified
Organizations,Commons & Economics,Cooperation Jackson,Mississippi solidarity economy and cooperative network,Inspiring model of place-based solidarity economy building,"Solidarity economy, community production, cooperative commonwealth",https://cooperationjackson.org,"November 16, 2025 6:36 AM (CST)",Core Team,Live,Organization,Verified
Organizations,Technology & Open Source,Open Source Ecology,Global Village Construction Set - 50 industrial machines,Core technology partner for Fab Lab and manufacturing infrastructure,"Open source hardware, distributed manufacturing, resilience",https://www.opensourceecology.org,"November 16, 2025 6:36 AM (CST)",Core Team,Live,Organization,Verified
Organizations,Technology & Open Source,Farm Hack,Open source agricultural technology community,Model for open source technology development and sharing,"Open source agriculture, appropriate technology, knowledge commons",https://farmhack.org,"November 16, 2025 6:36 AM (CST)",Core Team,Live,Organization,Verified
Organizations,Technology & Open Source,Public Lab,Community science and environmental monitoring,Approach to community-controlled technology for environmental monitoring,"Community science, environmental justice, open hardware",https://publiclab.org,"November 16, 2025 6:36 AM (CST)",Core Team,Live,Organization,Verified
Organizations,Environmental Justice,Movement Generation,Justice and ecology network,Framework for transition from extractive to regenerative economy,"Just transition, ecological justice, frontline communities",https://movementgeneration.org,"November 16, 2025 6:36 AM (CST)",Core Team,Live,Organization,Verified
Organizations,Environmental Justice,Post Carbon Institute,Community resilience and energy transition,Research and resources on community-scale resilience,"Peak oil, community resilience, localization",https://www.postcarbon.org,"November 16, 2025 6:36 AM (CST)",Core Team,Live,Organization,Verified
Organizations,Environmental Justice,Grassroots Global Justice Alliance,Climate justice alliance of grassroots organizing groups,Network connecting local organizing to global justice movement,"Climate justice, just transition, grassroots organizing",https://ggjalliance.org,"November 16, 2025 6:36 AM (CST)",Core Team,Live,Organization,Verified
Organizations,Funding & Support,Omidyar Network,Impact investment reimagining capitalism,Potential funder aligned with systemic approach,"Reimagining capitalism, systems change, responsible technology",https://omidyar.com,"November 16, 2025 6:36 AM (CST)",Core Team,Live,Organization,Verified
Organizations,Funding & Support,Skoll Foundation,Social entrepreneurship and systems change,Target funder for replicable models,"Social entrepreneurship, large-scale change, resilience",https://skoll.org,"November 16, 2025 6:36 AM (CST)",Core Team,Live,Organization,Verified
Organizations,Funding & Support,MacArthur Foundation,Creative and effective institutions building more just world,Target funder for ambitious long-term systems work,"Systems change, climate solutions, nuclear challenges",https://www.macfound.org,"November 16, 2025 6:36 AM (CST)",Core Team,Live,Organization,Verified
Organizations,Funding & Support,Kresge Foundation,Opportunity for people with low incomes in America's cities,Target funder for community infrastructure in urban areas,"Urban opportunity, environment, health, community development",https://kresge.org,"November 16, 2025 6:36 AM (CST)",Core Team,Live,Organization,Verified
Organizations,Networks & Coalitions,US Federation of Worker Cooperatives,National grassroots membership for worker cooperatives,Network and resources for worker cooperative development,"Worker cooperatives, democratic economy, cooperative development",https://usworker.coop,"November 16, 2025 6:36 AM (CST)",Core Team,Live,Organization,Verified
Organizations,Networks & Coalitions,Grassroots Economic Organizing (GEO),Collective promoting solidarity economy,Newsletter and resources on cooperative and commons organizing,"Solidarity economy, cooperatives, commons",https://geo.coop,"November 16, 2025 6:36 AM (CST)",Core Team,Live,Organization,Verified
Organizations,Networks & Coalitions,Zebras Unite,Alternative to unicorn startups - sustainable businesses,Movement for businesses that are both profitable and purpose-driven,"Alternative entrepreneurship, cooperative capital, ethical business",https://zebrasunite.coop,"November 16, 2025 6:36 AM (CST)",Core Team,Live,Organization,Verified
Organizations,Networks & Coalitions,Community-Wealth.org,Online gateway to community wealth building resources,Comprehensive database of community wealth building strategies,"Community wealth, democratic ownership, anchor institutions",https://community-wealth.org,"November 16, 2025 6:36 AM (CST)",Core Team,Live,Organization,Verified
Organizations,Networks & Coalitions,Regenerative Communities Network,Network of communities practicing regenerative development,Community of practice for regenerative approaches,"Regenerative development, place-based change, whole systems",https://regenerativecommunities.com,"November 16, 2025 6:36 AM (CST)",Core Team,Live,Organization,Verified
Organizations,International,Catalan Integral Cooperative,Comprehensive cooperative system in Catalonia Spain,Large-scale example of comprehensive cooperative economy,"Integral cooperativism, commons, economic sovereignty",https://cooperativa.cat,"November 16, 2025 6:36 AM (CST)",Core Team,Live,Organization,Verified
Organizations,International,Mondragon Corporation,World's largest worker cooperative in Basque region,Proven model of worker cooperative at scale,"Worker cooperatives, cooperative bank, technical education",https://www.mondragon-corporation.com,"November 16, 2025 6:36 AM (CST)",Core Team,Live,Organization,Verified
Organizations,International,Transition Network,Communities preparing for climate change and peak oil,Global network of communities building local resilience,"Transition towns, community resilience, relocalization",https://transitionnetwork.org,"November 16, 2025 6:36 AM (CST)",Core Team,Live,Organization,Verified
Organizations,Research & Policy,Groundswell Network,Transforming philanthropy through participatory grantmaking,Model for community-controlled funding decisions,"Participatory grantmaking, community leadership, trust-based philanthropy",https://groundswellnetwork.org,"November 16, 2025 6:36 AM (CST)",Core Team,Live,Organization,Verified
Organizations,Research & Policy,Sustainable Economies Law Center,Legal support for cooperatives and sustainable enterprises,Legal frameworks and support for cooperative structures,"Cooperative law, shared enterprise, local economy",https://www.theselc.org,"November 16, 2025 6:36 AM (CST)",Core Team,Live,Organization,Verified
Government,Federal Programs,FEMA Public Assistance,Infrastructure repair and replacement after disasters,Primary funding source for disaster recovery infrastructure,"Disaster recovery, infrastructure, emergency management",https://www.fema.gov/assistance/public,"November 16, 2025 6:36 AM (CST)",Core Team,Live,Article,Verified
Government,Federal Programs,Economic Development Administration,Commerce department economic development programs,Potential funder for Fab Lab and economic development infrastructure,"Economic development, infrastructure, innovation",https://www.eda.gov,"November 16, 2025 6:36 AM (CST)",Core Team,Live,Article,Verified
Government,Federal Programs,National Science Foundation,Science and engineering research and education,Potential funder for innovative disaster resilience research,"Research, STEM education, convergence research",https://www.nsf.gov,"November 16, 2025 6:36 AM (CST)",Core Team,Live,Article,Verified
Government,State Programs,Texas Workforce Commission,Workforce development and unemployment services in Texas,Partner for workforce development programs through Fab Lab,"Workforce development, job training, employment services",https://www.twc.texas.gov,"November 16, 2025 6:36 AM (CST)",Core Team,Live,Article,Verified
Government,Policy Frameworks,Community Reinvestment Act,Encourages banks to meet credit needs of communities,Policy framework for community investment and development,"Community investment, fair lending, economic development",https://www.federalreserve.gov/consumerscommunities/cra_about.htm,"November 16, 2025 6:36 AM (CST)",Core Team,Live,Article,Verified
Government,Policy Frameworks,New Markets Tax Credit,Tax credit for investment in low-income communities,Financing tool for community infrastructure investment,"Community development, investment, tax incentive",https://www.cdfifund.gov/programs-training/programs/new-markets-tax-credit,"November 16, 2025 6:36 AM (CST)",Core Team,Live,Article,Verified
Technology,Communication,Meshtastic,Open source LoRa mesh network for off-grid communication,Core technology for offline-first communication resilience,"Mesh networking, LoRa, resilient communication, off-grid",https://meshtastic.org,"November 16, 2025 6:36 AM (CST)",Core Team,Live,Tool,Verified
Technology,Communication,Briar,Encrypted messaging app that works without internet via mesh,Alternative for encrypted off-grid communication,"Encrypted messaging, mesh networking, peer-to-peer",https://briarproject.org,"November 16, 2025 6:36 AM (CST)",Core Team,Live,Tool,Verified
Technology,Communication,Scuttlebutt,Decentralized social network protocol,Model for decentralized community communication,"Decentralized social media, peer-to-peer, offline-first",https://scuttlebutt.nz,"November 16, 2025 6:36 AM (CST)",Core Team,Live,Tool,Verified
Technology,Collaboration,NextCloud,Self-hosted cloud platform - foundation for CommonCloud,Core technology platform for CommonCloud/CloudComÃºn,"Self-hosted, privacy, collaboration, file sharing",https://nextcloud.com,"November 16, 2025 6:36 AM (CST)",Core Team,Live,Tool,Verified
Technology,Collaboration,Loomio,Collaborative decision-making platform,Tool for democratic governance and group decisions,"Decision-making, deliberation, consensus",https://www.loomio.com,"November 16, 2025 6:36 AM (CST)",Core Team,Live,Tool,Verified
Technology,Collaboration,Decidim,Participatory democracy platform used by Barcelona,Platform for large-scale democratic participation,"Participatory democracy, civic engagement, open source",https://decidim.org,"November 16, 2025 6:36 AM (CST)",Core Team,Live,Tool,Verified
Technology,Coordination,Karrot,Open source platform for grassroots organizing and resource sharing,Model for community resource coordination,"Food sharing, resource coordination, community organizing",https://karrot.world,"November 16, 2025 6:36 AM (CST)",Core Team,Live,Tool,Verified
Technology,Coordination,Open Food Network,Platform for local food systems and distribution,Infrastructure for local food coordination and distribution,"Food systems, local economy, cooperative logistics",https://www.openfoodnetwork.org,"November 16, 2025 6:36 AM (CST)",Core Team,Live,Tool,Verified
Technology,Mapping & GIS,OpenStreetMap,Collaborative mapping project creating free editable world map,Open alternative to proprietary mapping for community use,"Collaborative mapping, open data, geographic commons",https://www.openstreetmap.org,"November 16, 2025 6:36 AM (CST)",Core Team,Live,Tool,Verified
Technology,Mapping & GIS,Ushahidi,Platform for crowdsourcing crisis information,Tool for community-driven crisis information gathering,"Crisis mapping, crowdsourcing, citizen reporting",https://www.ushahidi.com,"November 16, 2025 6:36 AM (CST)",Core Team,Live,Tool,Verified
Technology,Mapping & GIS,ESRI ArcGIS,Professional GIS software (nonprofit program available),Professional mapping tool Gifted Dreamers already uses,"GIS, mapping, spatial analysis, data visualization",https://www.esri.com/en-us/arcgis/products/arcgis-online/overview,"November 16, 2025 6:36 AM (CST)",Core Team,Live,Tool,Verified
Technology,Knowledge Commons,Discourse,Open source discussion platform for communities,Platform for community knowledge sharing and discussion,"Discussion forum, community, open source",https://www.discourse.org,"November 16, 2025 6:36 AM (CST)",Core Team,Live,Tool,Verified
Technology,Knowledge Commons,Wiki.js,Modern open source wiki platform,Tool for community knowledge documentation and sharing,"Documentation, knowledge base, collaboration",https://js.wiki,"November 16, 2025 6:36 AM (CST)",Core Team,Live,Tool,Verified
Technology,Knowledge Commons,Zotero,Open source citation management and research tool,Tool for collaborative research and knowledge management,"Research, citations, collaboration, open source",https://www.zotero.org,"November 16, 2025 6:36 AM (CST)",Core Team,Live,Tool,Verified
Technology,Economic Tools,FairCoin,Cryptocurrency for fair economy and cooperatives,Example of technology for solidarity economy,"Cryptocurrency, cooperative economy, ethical finance",https://fair-coin.org,"November 16, 2025 6:36 AM (CST)",Core Team,Live,Tool,Verified
Technology,Economic Tools,Holochain,Framework for distributed applications and data integrity,Potential technology for distributed community coordination,"Distributed computing, data integrity, agent-centric",https://www.holochain.org,"November 16, 2025 6:36 AM (CST)",Core Team,Live,Tool,Verified
Technology,Economic Tools,Open Collective,Transparent financial platform for communities,Model for transparent community financial management,"Transparent finance, collective funding, open source",https://opencollective.com,"November 16, 2025 6:36 AM (CST)",Core Team,Live,Tool,Verified
Frameworks,Transformation,Theory U,Process for sensing and actualizing emerging future,Methodology for collective sensing and change,"Presencing, sensing, prototyping, social technology",https://www.presencing.org,"November 16, 2025 6:36 AM (CST)",Core Team,Live,Concept,Verified
Frameworks,Transformation,Emergent Strategy,Small-scale practice creating conditions for transformation,Core methodology for adaptive organizing,"Fractals, adaptation, resilience, interdependence",https://www.akpress.org/emergentstrategy.html,"November 16, 2025 6:36 AM (CST)",Core Team,Live,Concept,Verified
Frameworks,Transformation,Just Transition,Framework for equitable shift from extractive to regenerative economy,Approach to economic transformation that centers frontline communities,"Climate justice, worker justice, community control",https://climatejusticealliance.org/just-transition,"November 16, 2025 6:36 AM (CST)",Core Team,Live,Concept,Verified
Frameworks,Transformation,Regenerative Development,Developmental approach to place-based change,Framework for transformation aligned with living systems,"Place-based change, living systems, developmental thinking",https://regenesisgroup.com,"November 16, 2025 6:36 AM (CST)",Core Team,Live,Concept,Verified
Frameworks,Economics,Solidarity Economy,Economic system based on cooperation and mutual aid,Alternative economic framework centered on solidarity not competition,"Cooperation, mutualism, democracy, sustainability",https://solidarityeconomy.us,"November 16, 2025 6:36 AM (CST)",Core Team,Live,Concept,Verified
Frameworks,Economics,Community Wealth Building,Strategies for building locally-owned inclusive economy,Practical strategies for community-controlled economic development,"Local ownership, inclusive economy, democratic wealth",https://cles.org.uk,"November 16, 2025 6:36 AM (CST)",Core Team,Live,Concept,Verified
Frameworks,Economics,Circular Economy,Economic system eliminating waste and continually using resources,Model for sustainable material flows and zero waste,"Closed loops, regeneration, eliminate waste",https://ellenmacarthurfoundation.org,"November 16, 2025 6:36 AM (CST)",Core Team,Live,Concept,Verified
Frameworks,Economics,Doughnut Economics,Meeting human needs within planetary boundaries,Visual framework for sustainable and just economy,"Planetary boundaries, social foundation, regenerative",https://doughnuteconomics.org,"November 16, 2025 6:36 AM (CST)",Core Team,Live,Concept,Verified
Frameworks,Governance,Sociocracy,Consent-based governance method,Method for democratic distributed governance,"Consent decision-making, circles, transparency",https://www.sociocracyforall.org,"November 16, 2025 6:36 AM (CST)",Core Team,Live,Concept,Verified
Frameworks,Governance,Holacracy,Organizational operating system distributing authority,Alternative to hierarchical organizational structure,"Distributed authority, self-organization, clear roles",https://www.holacracy.org,"November 16, 2025 6:36 AM (CST)",Core Team,Live,Concept,Verified
Frameworks,Governance,Ostrom's Commons Principles,8 principles for successful commons management,Evidence-based principles for commons governance,"Commons governance, community management, polycentric",https://en.wikipedia.org/wiki/Elinor_Ostrom#Design_principles_for_Common_Pool_Resource_(CPR)_institution,"November 16, 2025 6:36 AM (CST)",Core Team,Live,Concept,Verified
Frameworks,Governance,Platform Cooperativism,Democratic ownership and governance of digital platforms,Framework for community-controlled digital infrastructure,"Worker ownership, data sovereignty, fair labor",https://platform.coop,"November 16, 2025 6:36 AM (CST)",Core Team,Live,Concept,Verified
Frameworks,Practice,Praxis,Integrated reflection-action for transformation,Understanding learning/doing/being as integrated practice,"Reflection-action, critical pedagogy, consciousness",https://en.wikipedia.org/wiki/Praxis_(process),"November 16, 2025 6:36 AM (CST)",Core Team,Live,Concept,Verified
Frameworks,Practice,Prefigurative Politics,Organizing that embodies the world we want to create,Principle that infrastructure itself must embody desired values,"Means embody ends, direct action, alternative institutions",https://en.wikipedia.org/wiki/Prefigurative_politics,"November 16, 2025 6:36 AM (CST)",Core Team,Live,Concept,Verified
Frameworks,Practice,Asset-Based Community Development,Building on community strengths not deficits,Language and approach centering community capacity not needs,"Community assets, local leadership, relationship-building",https://www.nurturedevelopment.org/asset-based-community-development,"November 16, 2025 6:36 AM (CST)",Core Team,Live,Concept,Verified
Frameworks,Practice,Trauma-Informed Practice,Understanding impact of trauma in organizing and service,Approach for working with disaster-affected communities,"Safety, trustworthiness, peer support, empowerment",https://www.samhsa.gov/trauma-violence,"November 16, 2025 6:36 AM (CST)",Core Team,Live,Concept,Verified
Concepts,Core Ideas,Unmarkets,Economic space where loss is internalized not externalized,Central concept from Aaron Titus - organizations succeed by becoming less needed,"Loss internalization, coordination not consumption, free infrastructure",N/A,"November 16, 2025 6:36 AM (CST)",Core Team,Live,Article,Verified
Concepts,Core Ideas,Platform Commons,Infrastructure maintained by organization but controlled by community,Gifted Dreamers' governance model for infrastructure,"Shared maintenance, community control, prevents capture",N/A,"November 16, 2025 6:36 AM (CST)",Core Team,Live,Article,Verified
Concepts,Core Ideas,Loss Internalization,Communities absorb capacity reducing need for external organizations,Success metric for Unmarkets approach,"Capacity building, self-sufficiency, organizational obsolescence",N/A,"November 16, 2025 6:36 AM (CST)",Core Team,Live,Article,Verified
Concepts,Core Ideas,Shalom,Hebrew concept of wholeness and right relationships,Kristine's theological framework for community vision,"Completeness, justice, flourishing, peace",N/A,"November 16, 2025 6:36 AM (CST)",Core Team,Live,Article,Verified
Concepts,Core Ideas,Interdependence,We need each other AND we're whole - not independence or codependence,Framework for understanding healthy community relationships,"Mutual support, wholeness, relationship",N/A,"November 16, 2025 6:36 AM (CST)",Core Team,Live,Article,Verified
Concepts,Core Ideas,Prefiguration,The means must embody the ends we seek,Principle that infrastructure design embodies desired world,"Practice what you preach, embody values, direct action",N/A,"November 16, 2025 6:36 AM (CST)",Core Team,Live,Article,Verified
Concepts,Core Ideas,Praxis,Integrated practice of reflection and action for transformation,Framework for learning/doing/being as unified practice,"Reflection-action spiral, learning by doing, consciousness",N/A,"November 16, 2025 6:36 AM (CST)",Core Team,Live,Article,Verified
Concepts,Core Ideas,Commons,Resources + community + governance rules managed collectively,Alternative to privatization and enclosure,"Collective management, shared resources, community governance",N/A,"November 16, 2025 6:36 AM (CST)",Core Team,Live,Article,Verified
Concepts,Core Ideas,Commoning,Active process of creating and maintaining commons,Understanding commons as verb not noun,"Active practice, relationship-building, governance",N/A,"November 16, 2025 6:36 AM (CST)",Core Team,Live,Article,Verified
Concepts,Core Ideas,Enclosure,Process of privatizing common resources and removing community control,Understanding how commons have been destroyed,"Privatization, dispossession, historical process",N/A,"November 16, 2025 6:36 AM (CST)",Core Team,Live,Article,Verified
Concepts,Core Ideas,Cultivator Consciousness,Creating conditions for flourishing vs warrior mindset of conquering,Alternative to war frame for transformation work,"Cultivation not combat, conditions for emergence, sustainability",N/A,"November 16, 2025 6:36 AM (CST)",Core Team,Live,Article,Verified
Concepts,Core Ideas,Regenerative vs Extractive,Systems that increase vs decrease capacity to thrive,Lens for evaluating whether systems build or deplete,"Living systems, increased capacity, reciprocity vs depletion",N/A,"November 16, 2025 6:36 AM (CST)",Core Team,Live,Article,Verified
Concepts,Core Ideas,Meaning Through Practice,Meaning emerges from engaged action not predetermined framework,Response to Kristine's question about meaning-making,"Existential, embodied meaning, praxis",N/A,"November 16, 2025 6:36 AM (CST)",Core Team,Live,Article,Verified
Concepts,Systems Thinking,Fractals,Patterns that repeat at different scales,Principle that microcosm reflects macrocosm,"Self-similarity, scale independence, recursive",N/A,"November 16, 2025 6:36 AM (CST)",Core Team,Live,Article,Verified
Concepts,Systems Thinking,Emergence,Complex patterns arising from simple rules and interactions,Understanding how transformation happens without blueprint,"Bottom-up, self-organization, complexity",N/A,"November 16, 2025 6:36 AM (CST)",Core Team,Live,Article,Verified
Concepts,Systems Thinking,Polycentricity,Multiple centers of decision-making vs monocentric control,Governance principle from Ostrom for complex systems,"Distributed governance, multiple authorities, resilience",N/A,"November 16, 2025 6:36 AM (CST)",Core Team,Live,Article,Verified
Concepts,Systems Thinking,Cosmo-Local Production,Global knowledge shared locally manufactured,Model for replication without centralization,"Design global manufacture local, knowledge commons, local production",N/A,"November 16, 2025 6:36 AM (CST)",Core Team,Live,Article,Verified
Concepts,Practice,Move at Speed of Trust,Organizing paced by relationship-building not urgency,Principle for community organizing timeline,"Trust-building, relationship-first, sustainable pace",N/A,"November 16, 2025 6:36 AM (CST)",Core Team,Live,Article,Verified
Concepts,Practice,Small is All,Large-scale change through replication of small-scale practice,Emergent strategy principle for scaling,"Microcosm, replication, fractal organizing",N/A,"November 16, 2025 6:36 AM (CST)",Core Team,Live,Article,Verified
Concepts,Practice,Listening First,Community engagement begins with deep listening not solutions,Core principle for community-led work,"Asset-based, community-led, co-design",N/A,"November 16, 2025 6:36 AM (CST)",Core Team,Live,Article,Verified
Concepts,Practice,Consent vs Consensus,Decision-making when there are no paramount objections vs full agreement,Sociocratic principle for group decision-making,"Good enough for now safe enough to try, distributed authority, efficiency",N/A,"November 16, 2025 6:36 AM (CST)",Core Team,Live,Article,Verified
Events,Conferences,Platform Cooperativism Consortium Conference,Annual gathering of platform coop movement,Primary annual gathering for finding aligned practitioners,"Platform coops, digital democracy, cooperative economy",https://platform.coop/events,"November 16, 2025 6:36 AM (CST)",Core Team,Live,Article,Verified
Events,Conferences,SOCAP,Social capital markets connecting impact investors and entrepreneurs,Network Kristine is already connected to,"Impact investing, social entrepreneurship, systems change",https://socapglobal.com,"November 16, 2025 6:36 AM (CST)",Core Team,Live,Article,Verified
Events,Conferences,Commons Transition Conference,Gatherings on commons-based peer production,European-based gathering on commons transition,"Commons, peer production, solidarity economy",https://commonstransition.org,"November 16, 2025 6:36 AM (CST)",Core Team,Live,Article,Verified
Events,Conferences,Bioneers,Annual conference on breakthrough solutions for restoring people and planet,Gathering connecting ecology social justice and innovation,"Ecology, justice, indigenous wisdom, biomimicry",https://bioneers.org,"November 16, 2025 6:36 AM (CST)",Core Team,Live,Article,Verified
Events,Conferences,US Federation of Worker Cooperatives Conference,Annual gathering of worker cooperative movement,Network and learning for cooperative development,"Worker cooperatives, democratic workplace, solidarity economy",https://usworker.coop,"November 16, 2025 6:36 AM (CST)",Core Team,Live,Article,Verified
Events,Learning,Cooperation Works! Cooperative Developer Training,6-week training program for cooperative developers,Comprehensive training for cooperative development,"Cooperative development, business planning, governance",https://institute.coop/courses/cooperation-works,"November 16, 2025 6:36 AM (CST)",Core Team,Live,Article,Verified
Events,Learning,Regenerative Practitioner Programs,Various programs training regenerative development practitioners,Deep training in regenerative approach,"Regenerative development, place-based change, practitioner training",https://regenesisgroup.com/programs,"November 16, 2025 6:36 AM (CST)",Core Team,Live,Article,Verified
Events,Learning,Presencing Institute Programs,Various offerings on Theory U and social technology,Training in sensing and actualizing emerging future,"Theory U, presencing, awareness-based systems change",https://www.presencing.org/programs,"November 16, 2025 6:36 AM (CST)",Core Team,Live,Article,Verified
Publications,Newsletters,Grassroots Economic Organizing Newsletter,Bimonthly publication on solidarity economy,Regular updates on cooperative and solidarity economy,"Cooperatives, solidarity economy, commons, movement news",https://geo.coop/subscribe,"November 16, 2025 6:36 AM (CST)",Core Team,Live,Article,Verified
Publications,Newsletters,Commons Transition Newsletter,Updates on commons-based peer production and transition,European perspective on commons movement,"Commons, peer production, open cooperativism",https://commonstransition.org,"November 16, 2025 6:36 AM (CST)",Core Team,Live,Article,Verified
Publications,Journals,Journal of Political Ecology,Open access journal on political ecology,Academic research on ecology and justice,"Political ecology, environmental justice, critical analysis",https://journals.librarypublishing.arizona.edu/jpe,"November 16, 2025 6:36 AM (CST)",Core Team,Live,Article,Verified
Publications,Journals,International Journal of the Commons,Open access journal on commons research,Academic research on commons theory and practice,"Commons research, governance, resources",https://www.thecommonsjournal.org,"November 16, 2025 6:36 AM (CST)",Core Team,Live,Article,Verified
Publications,Media,Upstream Podcast,Explores alternatives to capitalism,Accessible podcast on economic system alternatives,"Economic alternatives, interviews, movement stories",https://www.upstreampodcast.org,"November 16, 2025 6:36 AM (CST)",Core Team,Live,Article,Verified
Publications,Media,For The Wild Podcast,Exploration of relationship between humans and natural world,Podcast connecting ecology spirituality and resistance,"Ecology, animism, decolonization, resistance",https://forthewild.world,"November 16, 2025 6:36 AM (CST)",Core Team,Live,Article,Verified
Publications,Books,Think Like a Commoner by David Bollier,Introduction to commons and commoning,Accessible introduction to commons thinking,"Commons primer, commoning, new paradigm",https://www.bollier.org/think-commoner,"November 16, 2025 6:36 AM (CST)",Core Team,Live,Article,Verified
Publications,Books,Free Fair and Alive by David Bollier and Silke Helfrich,Creating commons in 21st century,Comprehensive framework for commoning in digital age,"Patterns of commoning, ontological shift, commons transition",https://freefairandalive.org,"November 16, 2025 6:36 AM (CST)",Core Team,Live,Article,Verified
Publications,Books,Ours to Hack and to Own edited by Trebor Scholz,Essential reader on platform cooperativism,Foundational collection on platform cooperative movement,"Platform cooperatives, digital labor, democratic platforms",https://www.orbooks.com/catalog/ours-to-hack-and-to-own,"November 16, 2025 6:36 AM (CST)",Core Team,Live,Article,Verified
Publications,Books,The Solidarity Economy Alternative edited by Vishwas Satgar,Emerging alternatives to capitalism in Global South,Case studies of solidarity economy in practice,"Solidarity economy, Global South, alternatives",https://www.press.uillinois.edu/books/catalog/32rrs2tt9780252083556.html,"November 16, 2025 6:36 AM (CST)",Core Team,Live,Article,Verified
Business,Aligned Companies,Equal Exchange,Worker-owned fair trade cooperative,Example of values-aligned cooperative business,"Worker cooperative, fair trade, democratic ownership",https://equalexchange.coop,"November 16, 2025 6:36 AM (CST)",Core Team,Live,Article,Verified
Business,Aligned Companies,Cooperative Home Care Associates,Worker-owned home care cooperative,Large-scale worker cooperative in challenging sector,"Worker cooperative, health care, quality jobs",https://www.chcany.org,"November 16, 2025 6:36 AM (CST)",Core Team,Live,Article,Verified
Business,Aligned Companies,REI Co-op,Consumer cooperative outdoor retailer,Example of cooperative at scale,"Consumer cooperative, environmental values, community",https://www.rei.com,"November 16, 2025 6:36 AM (CST)",Core Team,Live,Article,Verified
Business,Aligned Companies,Organic Valley,Farmer-owned cooperative,Agricultural cooperative model,"Farmer cooperative, organic agriculture, democratic control",https://www.organicvalley.coop,"November 16, 2025 6:36 AM (CST)",Core Team,Live,Article,Verified
Business,Service Providers,Zebras Unite,Cooperative supporting businesses that are both profitable and purpose-driven,Support network for values-aligned businesses,"Alternative entrepreneurship, cooperative capital, mutual support",https://zebrasunite.coop,"November 16, 2025 6:36 AM (CST)",Core Team,Live,Article,Verified
Business,Service Providers,Start.coop,Platform for launching and growing cooperatives,Resources and community for cooperative startups,"Cooperative development, tools, education",https://start.coop,"November 16, 2025 6:36 AM (CST)",Core Team,Live,Article,Verified
Business,Service Providers,The Working World,Non-extractive financing for worker cooperatives,Alternative financing model for cooperatives,"Non-extractive finance, worker coops, revenue-based financing",https://www.theworkingworld.org,"November 16, 2025 6:36 AM (CST)",Core Team,Live,Article,Verified
Business,Service Providers,Project Equity,Supporting employee ownership transitions,Expertise in converting businesses to worker ownership,"Employee ownership, business succession, worker coops",https://www.project-equity.org,"November 16, 2025 6:36 AM (CST)",Core Team,Live,Article,Verified
Business,Technology Coops,Resonate,Music streaming cooperative owned by artists listeners and workers,Example of platform cooperative in practice,"Platform cooperative, music streaming, stakeholder ownership",https://resonate.coop,"November 16, 2025 6:36 AM (CST)",Core Team,Live,Article,Verified
Business,Technology Coops,Stocksy,Stock photography cooperative owned by contributing artists,Profitable platform cooperative model,"Platform cooperative, creative economy, artist ownership",https://www.stocksy.com,"November 16, 2025 6:36 AM (CST)",Core Team,Live,Article,Verified
Business,Technology Coops,Fairbnb,Cooperative alternative to Airbnb supporting community tourism,Values-aligned alternative to extractive platform,"Platform cooperative, tourism, community benefit",https://fairbnb.coop,"November 16, 2025 6:36 AM (CST)",Core Team,Live,Article,Verified
Business,Technology Coops,Driver's Cooperative,Ride-sharing cooperative owned by drivers in NYC,Worker-owned alternative to Uber/Lyft,"Platform cooperative, gig economy, worker ownership",https://www.drivers.coop,"November 16, 2025 6:36 AM (CST)",Core Team,Live,Article,Verified
Social Tech,Governance Tools,Loomio,Collaborative decision-making for groups,Tool for democratic group decisions,"Decision-making, deliberation, consent, proposals",https://www.loomio.com,"November 16, 2025 6:36 AM (CST)",Core Team,Live,Article,Verified
Social Tech,Governance Tools,Polis,Real-time system for gathering analyzing and understanding conversation,Tool for understanding group perspectives and finding common ground,"Conversation, consensus-finding, collective intelligence",https://pol.is,"November 16, 2025 6:36 AM (CST)",Core Team,Live,Article,Verified
Social Tech,Governance Tools,Cobudget,Collaborative funding tool for groups,Tool for democratic resource allocation,"Participatory budgeting, collaborative funding, transparency",https://cobudget.com,"November 16, 2025 6:36 AM (CST)",Core Team,Live,Article,Verified
Social Tech,Coordination Tools,Action Network,Digital organizing tools for progressive campaigns,Tools for community organizing and mobilization,"Digital organizing, campaigns, email, events",https://actionnetwork.org,"November 16, 2025 6:36 AM (CST)",Core Team,Live,Article,Verified
Social Tech,Coordination Tools,Airtable,Collaborative database platform,Flexible tool for community coordination,"Database, collaboration, project management",https://airtable.com,"November 16, 2025 6:36 AM (CST)",Core Team,Live,Article,Verified
Social Tech,Coordination Tools,Mighty Networks,Community platform for connection and collaboration,Platform for building online communities,"Community platform, engagement, courses",https://www.mightynetworks.com,"November 16, 2025 6:36 AM (CST)",Core Team,Live,Article,Verified
Social Tech,Knowledge Sharing,Miro,Collaborative visual workspace,Tool for collaborative visual thinking,"Visual collaboration, whiteboarding, workshop facilitation",https://miro.com,"November 16, 2025 6:36 AM (CST)",Core Team,Live,Article,Verified
Social Tech,Knowledge Sharing,Notion,All-in-one workspace for notes docs and collaboration,Flexible tool for knowledge management and collaboration,"Workspace, documentation, databases, collaboration",https://www.notion.so,"November 16, 2025 6:36 AM (CST)",Core Team,Live,Article,Verified
Social Tech,Knowledge Sharing,Obsidian,Local-first knowledge base using markdown,Privacy-focused personal knowledge management,"Knowledge management, local-first, markdown, linking",https://obsidian.md,"November 16, 2025 6:36 AM (CST)",Core Team,Live,Article,Verified
Social Tech,Communication,Signal,Encrypted messaging app,Secure communication tool,"Encrypted messaging, privacy, open source",https://signal.org,"November 16, 2025 6:36 AM (CST)",Core Team,Live,Article,Verified
Social Tech,Communication,Element/Matrix,Decentralized encrypted communication,Alternative to centralized messaging platforms,"Decentralized, encrypted, open protocol",https://element.io,"November 16, 2025 6:36 AM (CST)",Core Team,Live,Article,Verified
Social Tech,Communication,Jitsi,Open source video conferencing,Privacy-focused alternative to Zoom,"Video conferencing, open source, self-hosted",https://jitsi.org,"November 16, 2025 6:36 AM (CST)",Core Team,Live,Article,Verified
Social Tech,Project Management,Taiga,Open source project management for agile teams,Self-hostable alternative to commercial project tools,"Project management, agile, open source",https://www.taiga.io,"November 16, 2025 6:36 AM (CST)",Core Team,Live,Article,Verified
Social Tech,Project Management,Wekan,Open source kanban board,Simple self-hosted task management,"Kanban, task management, open source",https://wekan.github.io,"November 16, 2025 6:36 AM (CST)",Core Team,Live,Article,Verified
Social Tech,Financial Tools,Open Collective,Transparent collaborative funding platform,Tool for transparent community financial management,"Transparent finance, collective funding, open source budgets",https://opencollective.com,"November 16, 2025 6:36 AM (CST)",Core Team,Live,Article,Verified
Social Tech,Financial Tools,Cobudget,Collaborative funding allocation tool,Tool for democratic resource distribution,"Participatory budgeting, democratic allocation, transparency",https://cobudget.com,"November 16, 2025 6:36 AM (CST)",Core Team,Live,Article,Verified
Initiatives,Local,Cooperation Jackson,Comprehensive solidarity economy project in Jackson Mississippi,Inspiring comprehensive model of local transformation,"Solidarity economy, democratic economy, Black self-determination",https://cooperationjackson.org,"November 16, 2025 6:36 AM (CST)",Core Team,Live,Article,Verified
Initiatives,Local,Cleveland Model,Network of worker cooperatives anchored by institutions,Proven model of worker coop development with anchor strategy,"Worker cooperatives, anchor institutions, community wealth",https://community-wealth.org/strategies/panel/coops/index.html,"November 16, 2025 6:36 AM (CST)",Core Team,Live,Article,Verified
Initiatives,Local,Preston Model,Community wealth building in Preston UK,Municipal approach to building local economic resilience,"Community wealth, progressive procurement, local multiplier",https://cles.org.uk/community-wealth-building/the-preston-model,"November 16, 2025 6:36 AM (CST)",Core Team,Live,Article,Verified
Initiatives,Regional,Mondragon Cooperative Corporation,Integrated cooperative system in Basque region,World's largest and most successful cooperative complex,"Worker cooperatives, cooperative bank, education, solidarity",https://www.mondragon-corporation.com,"November 16, 2025 6:36 AM (CST)",Core Team,Live,Article,Verified
Initiatives,Regional,Emilia Romagna Cooperatives,Dense cooperative ecosystem in Italian region,Region with 30% of GDP from cooperatives,"Worker cooperatives, social cooperatives, regional economy",https://en.wikipedia.org/wiki/Emilia-Romagna#Economy,"November 16, 2025 6:36 AM (CST)",Core Team,Live,Article,Verified
Initiatives,International,La Via Campesina,International peasant movement,Global movement for food sovereignty and peasant rights,"Food sovereignty, agroecology, peasant rights",https://viacampesina.org,"November 16, 2025 6:36 AM (CST)",Core Team,Live,Article,Verified